,accuracy,precision,recall,f1,kapppa,set,modelo
0,0.8520408163265306,0.8829787234042553,0.8217821782178217,0.8512820512820514,0.7044509151414309,test,Regresión logistica Sin Estandarizar
1,0.9053708439897699,0.9056603773584906,0.896,0.900804289544236,0.8103447145731871,train,Regresión logistica Sin Estandarizar
