,accuracy,precision,recall,f1,kapppa,set,modelo
0,0.8520408163265306,0.8829787234042553,0.8217821782178217,0.8512820512820514,0.7044509151414309,test,Regresión logistica Sin Estandarizar
1,0.90537084398977,0.9056603773584906,0.896,0.900804289544236,0.8103447145731871,train,Regresión logistica Sin Estandarizar
2,0.7959183673469388,0.8279569892473119,0.7623762376237624,0.7938144329896908,0.5924732300654953,test,Decision tree II
3,0.8439897698209718,0.8428184281842819,0.8293333333333334,0.8360215053763441,0.6872594719692648,train,Decision tree II
