,MAE,MSE,RMSE,R2,set,modelo
0,0.1178766938736721,0.028165357962653913,0.1678253793758677,0.49463368992087864,test,Linear Regresion
1,0.1221892350511863,0.026078552771457975,0.1614885530663334,0.5431766171837165,train,LinearRegression
