,accuracy,precision,recall,f1,kapppa,set,modelo
0,0.5412371134020618,0.5,0.4943820224719101,0.4971751412429378,0.07539895041233802,test,Regresión logistica Estandarizados
1,0.541343669250646,0.5382436260623229,0.4973821989528796,0.5170068027210885,0.08164493078162283,train,Regresión logistica Estandarizados
